Aqueous UO2++ in Granite,Aqueous UO2++ in Bentonite,Aqueous UO2++ in Source,Adsorbed UO2++ in Bentonite,Mineralized UO2++ in Bentonite,Mineralized UO2++ in Source,m1_a1,m1_a2,m1_a3,m1_a4,m1_a5,m2_a1,m2_a2,m2_a3,m2_a4,m2_a5,m2_s1,m2_s2,m2_s3,m2_s4,m2_s5,m2_s6,m2_w1,m2_w2,m2_w3,Calcium,Carbonate,Calcium_frac,Carbonate_frac,Calcium_conc,Carbonate_conc,Calcium_frac_conc,Carbonate_frac_conc,Effluxed UO2++
4.020325031755409e-14,5.54039182410194e-13,8.38506244487436e-05,8.681712274205721e-11,0.0,241.49999999999724,3.704596555302924e-17,2.856507249314138e-18,2.9820645030894913e-20,1.6124470309418928e-19,8.836012352208877e-20,4.3424921671317776e-16,1.018789857815312e-16,3.2321411524624206e-18,7.174242027259576e-18,4.23803994451658e-18,2.5263542607081435e-12,6.058911134552639e-13,7.282741846873706e-14,4.387278951829854e-15,1.0577011128551243e-11,4.428245323860128e-12,1.2807210249979737e-13,9.7130331751477e-13,6.75030273883814e-11,0.07756932221722618,0.011856223559915655,0.00929696797606083,0.0008147484962825705,0.014001163872681199,0.0021400332532060997,0.023126786010102506,0.0020267375529418,0.0
2.1277905066124858e-08,1.9194522973242548e-05,1.9010033200419972e-05,0.002960389293812105,0.0,241.49708531774024,1.8114493255310942e-11,2.8056690604802034e-12,6.092349714715954e-14,2.0274861291706523e-13,8.676624573768152e-14,1.507150470672742e-08,3.5101702318723784e-09,1.1055166478190298e-10,2.4652548368686187e-10,1.4473783690754273e-10,8.604119326674119e-05,2.0636597527145564e-05,2.4806747258936125e-06,1.4945195759266618e-07,0.00036064912697232946,0.00015116933367930862,4.362065659998874e-06,3.308444602657098e-05,0.0023018162883669214,0.07782793855902947,0.01186793220301343,0.009050112910044256,0.000822639573463508,0.014047399185883979,0.0021420788505183306,0.022513220573862083,0.0020464127192951465,2.05315911158e-11
1.862452324028097e-07,3.9228701665903376e-05,1.94324481726904e-05,0.0058900727525691785,0.0,241.49413501292017,1.5760854516251348e-10,2.528342292154241e-11,5.613597873434204e-13,1.9446613572134127e-12,7.818981803973911e-13,3.0891234102971635e-08,7.108090560776658e-09,2.211519451065502e-10,4.995973798316403e-10,2.887421947126438e-10,0.0001710482686318905,4.103632823079617e-05,4.93422336598003e-06,2.9735114688151664e-07,0.0007175375101866845,0.0003010034977640229,8.671936408559158e-06,6.579090995075607e-05,0.004579752500174363,0.07839453972431315,0.011884705481341608,0.008705993701062753,0.0008312517052687934,0.014149632565702975,0.00214510112954239,0.021658088801558655,0.0020679228434269253,1.090310901e-09
6.037338176487635e-07,6.038220447463901e-05,1.981513435499161e-05,0.008842384308804603,0.0,241.49116073736988,5.090897562958388e-10,8.342113648877499e-11,1.8771108097082742e-12,6.552813822765914e-12,2.579826029202219e-12,4.7673912437216026e-08,1.0847106651760387e-08,3.336621403795251e-10,7.635194341973794e-10,4.3451340597998533e-10,0.0002566375907144911,6.159252995861759e-05,7.408616700175431e-06,4.4662962628894156e-07,0.0010771661664667966,0.00045211317111383726,1.3011476950280189e-05,9.874937719583401e-05,0.006875258414643911,0.07903544126942091,0.01190023780193586,0.008473489133624688,0.0008368751130425952,0.014265344478218343,0.002147909708489374,0.0210805991067342,0.0020820028777103305,1.2227814390000001e-08
1.310234623458223e-06,8.257941626027218e-05,2.0168576701091132e-05,0.011817775650075274,0.0,241.48816203424505,1.1014731634165305e-09,1.8380628024106973e-10,4.188069846960919e-12,1.4618752964665685e-11,5.684269443891782e-12,6.535533923458976e-08,1.4716574742221036e-08,4.4795355954657425e-10,1.0373977349885523e-09,5.819767272370699e-10,0.00034283963368331974,8.231203030873054e-05,9.904622260127034e-06,5.973307187814456e-07,0.0014395900744606717,0.0006044910449822587,1.738223674319446e-05,0.00013197082976260197,0.0091886874048745,0.07968833431319866,0.01191447597503775,0.00836897268176913,0.0008381912045305189,0.014383231136739463,0.0021504861821878196,0.020821452881093716,0.0020853645165430394,6.74355513e-08
2.2894684528270618e-06,0.00010579830790001288,2.0505299976010938e-05,0.014815387891630382,0.0,241.48513972478605,1.9207231038389185e-09,3.244093172704679e-10,7.459548677549522e-12,2.6031272157675362e-11,1.0032464325249101e-11,8.391898060281538e-08,1.871156563345339e-08,5.639006150788731e-10,1.3207717552608624e-09,7.310322420193691e-10,0.0004296546678214687,0.00010319354975631806,1.2421926546792407e-05,7.494260346623672e-07,0.0018047045126937556,0.0007580486840746939,2.1784240645093405e-05,0.0001654533026323141,0.011519377033986686,0.0803434000880287,0.011927536744735217,0.008339306995895263,0.0008385986477424146,0.014501510770442911,0.002152850170382617,0.02074847423719193,0.002086461434576261,2.302284357e-07
3.5014531586325625e-06,0.00013002924574988765,2.0831396161056346e-05,0.017834163209645978,0.0,241.48209483397943,2.934826015497132e-09,4.982815673060978e-10,1.1499959792180211e-11,4.0191260457354697e-11,1.5409520464868773e-11,1.0335911824353123e-07,2.2828624207899126e-08,6.813893413210542e-10,1.6133310368446885e-09,8.815830228596809e-10,0.000517077505323237,0.00012423464924951556,1.4960093229477478e-05,9.028806939373572e-07,0.0021723806470107295,0.0009126868751712637,2.6217234538587245e-05,0.00019919295452806211,0.013866509718887423,0.08099886921584665,0.011939492734584436,0.008346240382582505,0.0008387283016045749,0.014619862108744637,0.002155014497336132,0.020766509023349713,0.0020868628322469733,5.770142463e-07
4.904074969777924e-06,0.00015526691725741029,2.1150114017522636e-05,0.020872968395319165,0.0,241.47902846657928,4.1101917226933535e-09,6.980265116025026e-10,1.609817383056363e-11,5.6426871651195995e-11,2.1586698106662588e-11,1.2367374523195325e-07,2.7064863452916025e-08,8.003143872232378e-10,1.914828168515805e-09,1.0335357913142194e-09,0.0006050988966446304,0.00014543208266738097,1.7518608290900788e-05,1.0576562539791244e-06,0.002542480544226201,0.0010683058666578634,3.068075619621839e-05,0.00023318463356737271,0.016229208597735925,0.08165434850494437,0.01195040124498161,0.008370153054023697,0.0008387561376557265,0.014738213677326254,0.0021569894353839557,0.020826748966533023,0.0020870064633641498,1.180449134e-06
6.4624671063326005e-06,0.00018150803735755117,2.1463368198687266e-05,0.023930653802044607,0.0,241.47594174676334,5.418647586731127e-09,9.178213309006084e-10,2.109497026770206e-11,7.421873216743419e-11,2.838392466539633e-11,1.448625764916919e-07,3.141767986180953e-08,9.205761713237986e-10,2.225047847600402e-09,1.186800591872386e-09,0.0006937076674774703,0.00016678224431668548,2.0096926313050457e-05,1.2137130649300378e-06,0.002914864323206457,0.001224807664285463,3.5174244363756266e-05,0.0002674226003257576,0.01860658356500329,0.08230970666469624,0.011960310926962633,0.008401672186685891,0.0008387311022225365,0.014856541618643197,0.002158783748096463,0.02090587653903357,0.002087014166096438,2.102249549e-06
8.150619822110004e-06,0.00020874978228566294,2.1772340329524905e-05,0.027006074478688427,0.0,241.47283579685325,6.838898532509143e-09,1.1535481915576888e-09,2.638452638327183e-11,9.321252752828566e-11,3.567385479251016e-11,1.669256867485594e-07,3.588456245650412e-08,1.0420786759056864e-09,2.5437884216108626e-09,1.3412899337968532e-09,0.0007828917288095037,0.00018828136945690446,2.269448972446976e-05,1.3710111464342288e-06,0.0032893927146503076,0.0013820964405588509,3.9697090383051124e-05,0.0003019008524553471,0.020997747828617425,0.08296485870114506,0.011969264409745503,0.008436617583026634,0.0008386678922261538,0.014974830544968185,0.0021604051292307422,0.02099349156030918,0.0020869225307514412,3.3927123420000002e-06
9.949931703761489e-06,0.00023698873519197646,2.207777098177047e-05,0.03009809213553976,0.0,241.46971173544125,8.355513669846371e-09,1.4024220145691652e-09,3.190010611021751e-11,1.1318224588303052e-10,4.3370359011177984e-11,1.8986259090123388e-07,4.0462967779125954e-08,1.1647279303790762e-09,2.8708504701389768e-09,1.4969178703461847e-09,0.0008726383178802035,0.00020992557055112161,2.5310730659632285e-05,1.5295101547741724e-06,0.0036659272927805284,0.0015400783364096346,4.424865060113556e-05,0.00033661318425761387,0.023401819491531015,0.08361971988068573,0.01197729998876709,0.008472699735496022,0.0008385748001436863,0.015093065161408238,0.0021618604970949037,0.02108389907490416,0.002086752393563057,5.092820837e-06
1.1847185228371297e-05,0.000266220294380556,2.2380125194372385e-05,0.03320557176314726,0.0,241.46657068079276,9.957533270473987e-09,1.6624604558706414e-09,3.7594982280719157e-11,1.3396518046512427e-10,5.14121326846078e-11,2.1367172549256416e-07,4.515025250421529e-08,1.2884311546202725e-09,3.206030536571872e-09,1.6535993543573802e-09,0.0009629339626893557,0.00023171081837845644,2.7945067499974676e-05,1.6891691065085887e-06,0.004044330057175353,0.0016986611990014158,4.882824467675963e-05,0.0003715531571992449,0.025817918940211113,0.08427419764481889,0.011984452873045209,0.008509350042681631,0.0008384540191629621,0.015211228781676939,0.0021631562158969274,0.021175683499705004,0.002086509175177289,7.2366855540000004e-06
1.3832822102629528e-05,0.00029643836247863207,2.2679690289857804e-05,0.03632737854215505,0.0,241.46341375388272,1.1636971371645302e-08,1.9322763176660388e-09,4.343786560789473e-11,1.5545372058928512e-10,5.975627626842152e-11,2.3835017457873543e-07,4.994363997976862e-08,1.4130962771996609e-09,3.549117813095923e-09,1.8112498376941365e-09,0.0010537644352348369,0.0002536329254415839,3.0596902272060224e-05,1.849946187563007e-06,0.004424463050398238,0.0018577543647535868,5.3435153289416024e-05,0.0004067140739127371,0.028245166448258537,0.08492819030915778,0.011990755792620862,0.008545994877136871,0.0008383088829439997,0.015329303082681501,0.0021642982037694955,0.02126741855042857,0.0020862013310830973,9.853532647e-06
1.589972780305261e-05,0.00032763533508572686,2.2976643612037324e-05,0.039462376766856225,0.0,241.46024207920186,1.3387876499833713e-08,2.210841942464198e-09,4.9405918370048666e-11,1.7756955433493523e-10,6.837100911941022e-11,2.6389365442448795e-07,5.484022353584193e-08,1.5386319691072304e-09,3.89989373310222e-09,1.96978524653244e-09,0.0011451146886583578,0.0002756875295569041,3.3265618547879286e-05,2.011798621147475e-06,0.004806188219840548,0.002017268672657325,5.806861502441146e-05,0.0004420889524313878,0.030682681335178194,0.08558159394760638,0.011996239847398048,0.008582261372569197,0.0008381420776271904,0.015447269341582215,0.002165292085146559,0.021358177627259785,0.002085835724842667,1.2969126788000001e-05
1.804238279741564e-05,0.00035980207171946305,2.3271089655514764e-05,0.04260943110805947,0.0,241.45705678338055,1.520568337634163e-08,2.4973183368198076e-09,5.547984610375807e-11,2.0024462295864227e-10,7.723038509146079e-11,2.9029648306230663e-07,5.983696814532473e-08,1.664947684016422e-09,4.2581316895540735e-09,2.1291220188549307e-09,0.0012369688968920402,0.0002978701028530753,3.5950582489376414e-05,2.1746827299594055e-06,0.005189367565322048,0.0021771165322920405,6.272782845027686e-05,0.00047767054112932275,0.03312958294685947,0.08623430082579986,0.012000934772679432,0.00861828781761104,0.0008379541098787863,0.015565108150960192,0.002166143238370039,0.02144830427413767,0.0020854136107775487,1.6606732355e-05
2.025631480818411e-05,0.0003929279453231152,2.3563084174537316e-05,0.04576740828175817,0.0,241.45385899335912,1.7086657131052996e-08,2.7910522422120384e-09,6.164531337334165e-11,2.2343083537434756e-10,8.631420195185906e-11,3.175516188401976e-07,6.493071969445722e-08,1.791953733298629e-09,4.6235978867365276e-09,2.289177178071604e-09,0.0013293105408265908,0.0003201759718337941,3.865114520547675e-05,2.338554076019144e-06,0.005573863337154912,0.0023372119495724164,6.741195654823005e-05,0.0005134513513520806,0.035584991954645914,0.08688620095582553,0.012004868906026483,0.008653907786744276,0.0008377467359821911,0.015682799702383305,0.0021668567900937743,0.021537385077310425,0.0020849394856905846,2.0787747507e-05
2.2537744732761704e-05,0.00042700097879135344,2.3852653859381567e-05,0.0489351796279817,0.0,241.4506498335926,1.9027642557940975e-08,3.091490780248347e-09,6.789037860178786e-11,2.470875033379752e-10,9.560536175611287e-11,3.456507746114773e-07,7.011822541370275e-08,1.9195615706965528e-09,4.996052291104885e-09,2.4498685604114026e-09,0.0014221224539713575,0.0003426003293397214,4.136664433083557e-05,2.5033675654785516e-06,0.005959538344857846,0.0024974707141151293,7.21201290797874e-05,0.000549423676999483,0.038048032356850295,0.08753718532110538,0.012008069549905891,0.008689142810573668,0.0008375207902975232,0.01580032436368914,0.0021674376800473517,0.021625473927259747,0.0020844155066800318,2.5532121590000003e-05
2.4883354133672675e-05,0.0004620079527642234,2.413980724165672e-05,0.052111623975045304,0.0,241.4474304230152,2.1025849705957963e-08,3.3981640918205054e-09,7.420536290108369e-11,2.711813297511046e-10,1.0508933395828279e-10,3.745845090696709e-07,7.539614937372422e-08,2.0476839604334604e-09,5.375249081793722e-09,2.6111149780782877e-09,0.0015153869194557057,0.00036513825822556467,4.409640693585027e-05,2.6690776286843244e-06,0.00634625630201929,0.00265781052349537,7.685144754984004e-05,0.0005855796328348207,0.04051783370684344,0.08818714701498268,0.012010563015178433,0.008723939256943954,0.0008372773656300491,0.015917662880368506,0.002167890668314191,0.02171243801239124,0.0020838445070500184,3.085862819e-05
2.729022893029603e-05,0.0004979347468371738,2.442455030636086e-05,0.0552956303957195,0.0,241.44420187181768,2.3078706512049797e-08,3.7107557814194646e-09,8.058605311417192e-11,2.9570153707864505e-10,1.1475633392385848e-10,4.0434251930754354e-07,8.076111497319945e-08,2.1762355351880008e-09,5.760939675637188e-09,2.7728366229421375e-09,0.0016090856736672159,0.00038778473547162735,4.683975043429626e-05,2.835638301260281e-06,0.006733882157072052,0.0028181512584373554,8.160498542749416e-05,0.0006219111613609228,0.04299353324742364,0.08883599135444112,0.01201237520459025,0.008757818131011764,0.0008370197197699257,0.01603479820200935,0.002168220440788677,0.02179708756600396,0.0020832348712166533,3.678504608e-05
2.975574467329564e-05,0.000534766422461555,2.4706891985707556e-05,0.0584861024697651,0.0,241.44096527708044,2.5184126967574917e-08,4.028801498463208e-09,8.702087004722219e-11,3.2060103502021445e-10,1.2459200146022397e-10,4.349137047682847e-07,8.620972456747148e-08,2.3051333925630343e-09,6.152874144738027e-09,2.934955521883516e-09,0.0017031998575592873,0.0004105346252344759,4.959598233932407e-05,3.003003246450536e-06,0.007122282607452441,0.0029784154978870765,8.637978570726068e-05,0.0006584100219155859,0.04547427921332647,0.08948362989275807,0.012013532365037993,0.008791245306846173,0.0008367466550556986,0.016151714401743462,0.0021684317449877947,0.021880580794276294,0.0020825835420641625,4.3328283839999995e-05
3.227729198071624e-05,0.0005724867996829589,2.498682327454764e-05,0.061681960537594754,0.0,241.43772172114615,2.7340053300767608e-08,4.351826866480175e-09,9.349783302960345e-11,3.4583032060998357e-10,1.3458166632032474e-10,4.66285803549047e-07,9.173850542443013e-08,2.434296019930743e-09,6.550797204597172e-09,3.0973949215149997e-09,0.0017977104785234445,0.00043338278126333116,5.236441154788069e-05,3.1711263717773446e-06,0.007511326378012894,0.003138527936683221,9.11748843572934e-05,0.0006950679551153633,0.04795923262471997,0.09012996438919835,0.012014059137985242,0.008824701282098925,0.0008364566614149018,0.01626839378386072,0.0021685290383045785,0.021964112280986395,0.0020818866772027663,5.050446922e-05
3.4852302153525424e-05,0.0006110787545654598,2.5264329823527594e-05,0.06488214212235315,0.0,241.43447227078997,2.9544280085620777e-08,4.679505526812177e-09,1.0001098900755607e-10,3.7136935079520954e-10,1.4471523575637976e-10,4.984456514438756e-07,9.734394310400964e-08,2.5636435722825375e-09,6.954450637296582e-09,3.260079471343809e-09,0.001892598426397523,0.0004563240502617083,5.514434869663093e-05,3.3399618481631698e-06,0.00790088427080036,0.0032984154003125004,9.59893111514817e-05,0.0007318766884070675,0.05044756761862282,0.09077489832679853,0.01201397872308315,0.008857928888566378,0.0008361514443638999,0.016384818963294082,0.0021685165176160972,0.02204704350074972,0.0020811487085768635,5.8329016350000005e-05
3.747826603975745e-05,0.0006505244050887051,2.5539398849955546e-05,0.0680856034344148,0.0,241.43121797548565,3.1794579582579635e-08,5.0115766149245794e-09,1.065573960249813e-10,3.972093334499223e-10,1.5498464244694476e-10,5.313793392013077e-07,1.0302250748961032e-07,2.6930983337177103e-09,7.363575146583964e-09,3.422935538415775e-09,0.0019878444008001365,0.0004793532569936031,5.793510469298642e-05,3.5094640418261e-06,0.008290829345628623,0.003458007120105133,0.00010082208600179567,0.0007688279123227097,0.05293847261414379,0.09141833973959586,0.012013313551513144,0.00889070375113343,0.0008358327332950175,0.016500973375513435,0.0021683982407673667,0.022128817361817796,0.002080374109614939,6.681665938e-05
4.015276759747888e-05,0.0006908052596120028,2.5812022158458353e-05,0.07129132096089388,0.0,241.42795986561322,3.408887833573337e-08,5.34773342956332e-09,1.1313161173013021e-10,4.2333011250189606e-10,1.6538040155671863e-10,5.650723392668858e-07,1.0877067260111135e-07,2.8225850258488585e-09,7.777911770014442e-09,3.585891429144859e-09,0.0020834288947668995,0.0005024652023262546,6.073599072900256e-05,3.6795875309113784e-06,0.008681037112058088,0.00361723491607245,0.00010567221814328009,0.000805913277461701,0.05543115154929759,0.09206020232657267,0.012012085646073473,0.00892290231136566,0.0008355016343396338,0.01661684147731055,0.0021681781915339773,0.022209127268385514,0.002079565760386885,7.59814584e-05
4.287342624429533e-05,0.0007319022198284428,2.6082194619461523e-05,0.07449829344232145,0.0,241.4246989505345,3.6425305044455086e-08,5.6875397338900354e-09,1.1972276421028577e-10,4.496840342979278e-10,1.758890223192685e-10,5.995095055593316e-07,1.1458491977187202e-07,2.952030898670761e-09,8.19720206853621e-09,3.748877486147339e-09,0.002179332242864802,0.0005256546756048015,6.354631987627115e-05,3.850287208480904e-06,0.009071385769693505,0.0037760333040958577,0.00011053870858805271,0.0008431244144504352,0.057924825425594684,0.09270040241196245,0.01201031672810092,0.0089550284479251,0.0008351565696418182,0.016732408198014533,0.0021678602989116474,0.02228922581607889,0.0020787196244855524,8.583681029000001e-05
4.5637827616312725e-05,0.0007737954350480492,2.6349906184754155e-05,0.07770554259733284,0.0,241.4214362180642,3.8801692444037236e-08,6.030764754481288e-09,1.2632862216954045e-10,4.76264845446035e-10,1.8650336799105002e-10,6.346749529604944e-07,1.204617152114933e-07,3.0813650939568825e-09,8.621186443877575e-09,3.911825717296189e-09,0.0022755349073299005,0.0005489165169730566,6.636541380210565e-05,4.0215186393921414e-06,0.009461756299693005,0.003934339065973397,0.00011542056465000434,0.0008804530339956661,0.06041873290106292,0.09333885619145976,0.012008027289748783,0.008986801049005962,0.0008347993712275856,0.01684765844300056,0.002167448269742433,0.02236841484324892,0.002077840440071547,9.639546184999999e-05
4.844363950118695e-05,0.0008164646463288793,2.661515231899139e-05,0.0809121134436807,0.0,241.41817263368495,4.1215820699030826e-08,6.377285297212735e-09,1.329514216425999e-10,5.030854802222808e-10,1.9721962875387047e-10,6.705523535043243e-07,1.2639755296269102e-07,3.2105193305696957e-09,9.049607193099665e-09,4.0746702222297486e-09,0.0023720172918040867,0.0005722455767263048,6.919259838657474e-05,4.1932378277243725e-06,0.00985203250142997,0.004092091597132269,0.00012031679050810798,0.0009178908617778741,0.06291213053295597,0.09397548556045054,0.012005237366110777,0.009017744873595752,0.0008344328430217888,0.016962578144881838,0.002166945727984735,0.02244551388941713,0.002076935445653525,0.00010766952382
5.1288656803516937e-05,0.0008598893947312988,2.6877938672843027e-05,0.08411707575802602,0.0,241.41490913881472,4.366612451569876e-08,6.7265666951368386e-09,1.3957549273741596e-10,5.300741868680746e-10,2.0802126985848756e-10,7.071251115535959e-07,1.3238898431707212e-07,3.3394285079523865e-09,9.482210946991722e-09,4.237347590902588e-09,0.0024687595930932577,0.0005956366850452242,7.202720074042394e-05,4.365401077898911e-06,0.010242101168322184,0.004249233296673167,0.00012522637969796834,0.0009554295899948826,0.0654042939092648,0.09461021891703314,0.01200196727359955,0.009048608619778822,0.0008340542507549805,0.01707715440936774,0.0021663563481147175,0.022522383997574152,0.0020759976367252624,0.00011967047618000001
5.416019395427631e-05,0.0009039024524686994,2.713359116227924e-05,0.08731950872741398,0.0,241.41164682800664,4.6141426818555924e-08,7.077237924971778e-09,1.4617936872141112e-10,5.571613393867464e-10,2.1886589197221366e-10,7.442544181516242e-07,1.3841026471373276e-07,3.4674788794156247e-09,9.917147449109122e-09,4.399462663122751e-09,0.0025659512557044024,0.0006191309778210146,7.487362553079437e-05,4.538239774560595e-06,0.010631852375724398,0.004405346367497152,0.00013015893983749213,0.000993135187921327,0.06789451914519024,0.09524287836313321,0.011997642423104308,0.009078645004954207,0.0008336450617483127,0.01719135518305536,0.002165576427336503,0.022597168849527515,0.002074981256632628,0.00013240917614
5.6998904817882734e-05,0.0009472742428990339,2.734301104937725e-05,0.09051752840468828,0.0,241.4083889033712,4.859116348407048e-08,7.421571307396513e-09,1.5260518706173378e-10,5.837109144391039e-10,2.295145141245256e-10,7.809159745171494e-07,1.442751054929351e-07,3.590136960611546e-09,1.0341058700369106e-08,4.55822643804706e-09,0.0026652531669048626,0.0006430901347703216,7.777080053118021e-05,4.713816493544417e-06,0.011021072241162787,0.004557403569867606,0.00013519871987681525,0.0010315878097064864,0.07038143545349144,0.09587255142254147,0.011987555597146612,0.009108608554843231,0.000833067793486089,0.017305016016594836,0.002163756346633213,0.022671744038897594,0.002073543908188167,0.00014589547076
5.97453764185981e-05,0.0009890281728380142,2.7481637614404916e-05,0.09370394628953196,0.0,241.40514360940008,5.0964262821975135e-08,7.752183307027622e-09,1.5870942132050652e-10,6.091578344962503e-10,2.3973879806166795e-10,8.162928817722448e-07,1.4983883903428736e-07,3.7039846645117354e-09,1.0743597220050814e-08,4.711400060070447e-09,0.002767722706982337,0.0006677266532897343,8.073924794078596e-05,4.8930602649891435e-06,0.011408893024682811,0.004702947035244942,0.0001403993518705842,0.0010711282707707914,0.07285949416474198,0.09649845918425742,0.011967868236806435,0.009138149945117607,0.0008321829811960616,0.01741799653616396,0.002160203274291952,0.02274524216523781,0.002071338678701267,0.00016013391274999998
6.238188411807397e-05,0.001028965871305664,2.755188045617328e-05,0.09687045725510288,0.0,241.40191947208098,5.3245205172957e-08,8.067074268570099e-09,1.6446023371444294e-10,6.333959094648326e-10,2.4947690376993504e-10,8.502142356745902e-07,1.5507676897257118e-07,3.808600232456535e-09,1.1122980432473169e-08,4.858512455135333e-09,0.0028732348822065887,0.0006929944121832124,8.377149908306373e-05,5.075406213222382e-06,0.0117942956550627,0.004841464310785405,0.00014575449322840137,0.0011116825522490261,0.07532218118620493,0.09712048665582454,0.011938529500255183,0.009166796383774248,0.0008309478703174278,0.017530276039675385,0.0021549080410701365,0.022816489061183463,0.002068259422350686,0.00017511732753
6.490786896207033e-05,0.0010674919588983388,2.757849063144973e-05,0.10000999428239808,0.0,241.39872315134605,5.5434174147211164e-08,8.36566290740622e-09,1.6983438800428634e-10,6.563061906569345e-10,2.587108548323738e-10,8.830124404827299e-07,1.600548199735275e-07,3.905753778028523e-09,1.1483908859801833e-08,5.000420468119513e-09,0.002980853813971308,0.0007186800253213661,8.684334784329985e-05,5.259489989564624e-06,0.012176402010173101,0.00497394400339864,0.00015121666463258613,0.0011529083101230104,0.07776388367364342,0.09773896406402721,0.011901935644513023,0.00919549882187453,0.000829397539163229,0.01764191406412142,0.0021483031649450726,0.0228878483690968,0.0020643931864699257,0.00019082400823000002
6.73366543152102e-05,0.0011048666966514444,2.7575761628078462e-05,0.1031182044914619,0.0,241.39555874187613,5.754193178073328e-08,8.650164102557923e-09,1.7488876392315248e-10,6.781046287274835e-10,2.675091471047146e-10,9.149004766778836e-07,1.648161761975652e-07,3.996629514424005e-09,1.1829447788543496e-08,5.137689706087256e-09,0.0030899667785819463,0.0007446482490240288,8.994003267840718e-05,5.444517744252131e-06,0.012554667610753153,0.00510107116306038,0.00015675478008424448,0.0011945885591194906,0.08018111977109069,0.09835415168596476,0.01186001662420436,0.009223719381594815,0.000827618995234474,0.017752957537690857,0.0021407369990651187,0.02295798455723594,0.0020599568705203745,0.00020722428186000001
6.968325092164683e-05,0.001141220413353297,2.755111103143355e-05,0.10619222564329174,0.0,241.3924289829518,5.958141749308952e-08,8.922431050570409e-09,1.7966016105003942e-10,6.989104149978279e-10,2.7592909129538937e-10,9.459834435849776e-07,1.6938388445347926e-07,4.081902670849194e-09,1.216122526990398e-08,5.2706208023223406e-09,0.0032002173855654667,0.0007708209893746548,9.3053107175799e-05,5.630040549924187e-06,0.012928732684684157,0.005223232125014543,0.00016235075656017653,0.0012365979890793335,0.08257158744970726,0.09896619885005627,0.011814034700704681,0.009251940429926999,0.0008256866242782937,0.01786343339048413,0.002132437381662519,0.023028096572420474,0.002055135510917512,0.00022428835638
7.195944937617673e-05,0.0011766388306908375,2.750964003468927e-05,0.10923008122284791,0.0,241.38933577446278,6.156241338688374e-08,9.184219703064685e-09,1.8418991588038249e-10,7.188761944179382e-10,2.8402499077897016e-10,9.763295337402091e-07,1.737739362706526e-07,4.162064552890542e-09,1.2480367540183921e-08,5.399429928544994e-09,0.0033113543721713136,0.0007971437116751968,9.617674062553087e-05,5.815752961892085e-06,0.013298347094772301,0.005340714309027435,0.00016799184361956316,0.0012788490808850193,0.08493368511529996,0.09957520110228521,0.011764915617366816,0.009279957131133002,0.0008236565429697032,0.017973358857794088,0.002123571411172847,0.02309767561200945,0.0020500689148011827,0.00024199024843
7.417325614116004e-05,0.0012111834611960419,2.7455034057107795e-05,0.11223039865666704,0.0,241.38628043752536,6.34918101452274e-08,9.43652922466456e-09,1.884978400122868e-10,7.380653026983646e-10,2.918277450484327e-10,1.0059869695123883e-06,1.7799843368142902e-07,4.237502477134241e-09,1.2787724583165488e-08,5.524289053783212e-09,0.0034231889010890217,0.0008235760084611482,9.930668796435015e-05,6.00143761029502e-06,0.013663335509534693,0.005453752245017946,0.0001736684573452609,0.0013212769772507835,0.08726628914456705,0.10018122165977326,0.011713369787519395,0.00930793888216817,0.0008215634850055433,0.01808274534715514,0.0021142673199185387,0.02316714297551314,0.0020448435428650664,0.00026030821575
7.632984718981238e-05,0.001244901389686771,2.739005981939417e-05,0.11519224257627815,0.0,241.38326387101216,6.537360188083764e-08,9.680370145281976e-09,1.9261297696205888e-10,7.565866651534667e-10,2.9936860507063095e-10,1.0349921227775204e-06,1.8206711133716177e-07,4.308538414409791e-09,1.3083978610779033e-08,5.645344558910636e-09,0.003535572800696405,0.0008500867566434273,0.00010243975607445508,6.186936167670604e-06,0.014023576823104648,0.005562548906248859,0.00017937307660048223,0.0013638317146591615,0.08956862243259305,0.10078430192739984,0.011659957647738027,0.00933562939720297,0.0008194315020708916,0.018191600333911772,0.0021046262699798662,0.023235862185980623,0.002039519419941298,0.00027922372735000005
7.843266846510904e-05,0.001277831854006082,2.7316889635377865e-05,0.11811500723125126,0.0,241.38028665224004,6.721038785377552e-08,9.916464078967595e-09,1.9655611190559346e-10,7.745207686738612e-10,3.066698869954145e-10,1.0633749916454885e-06,1.8598834741192014e-07,4.375454341023045e-09,1.3369716215208669e-08,5.762729595666492e-09,0.003648384268423993,0.0008766509232439034,0.00010557344998439224,6.372129974114779e-06,0.014378990904117987,0.00566728972560519,0.00018509951781919322,0.0014064730994781446,0.09184016975391521,0.10138446912891899,0.011605132024779294,0.009362737881193335,0.0008172769482719802,0.01829992873688557,0.002094730000169544,0.023303110899600875,0.0020341374075551837,0.0002987203645
8.048417290543186e-05,0.0013100082898329115,2.7237255063884466e-05,0.1209983448751425,0.0,241.37734910640648,6.900438037306529e-08,1.0145042228134592e-08,2.0033123874784843e-10,7.918653861970142e-10,3.137387408332955e-10,1.0911608886358607e-06,1.8976949212488127e-07,4.438501014570975e-09,1.3645451735633999e-08,5.876567211233802e-09,0.003761521664554954,0.0009032481802655406,0.00010870582000925114,6.556931725534565e-06,0.014729529757571292,0.005768146566925805,0.00019084262020477712,0.0014491684861848936,0.09408062130436537,0.10198173956843125,0.011549259935751451,0.009389647538458367,0.0008151086566426109,0.018407733506243674,0.0020846447608299018,0.023369841635458497,0.0020287194107561435,0.0003187830627
8.248647031690849e-05,0.0013414604194397764,2.715265295034865e-05,0.12384211158259928,0.0,241.3744513582467,7.075752203711507e-08,1.0366271695342378e-08,2.039386927249615e-10,8.086146112336575e-10,3.2058033428394654e-10,1.1183721920419469e-06,1.9341717781256932e-07,4.497905589192132e-09,1.3911649376158542e-08,5.9869732292387144e-09,0.0038748984640970684,0.0009298618086642462,0.000111835344681964,6.741279360234695e-06,0.015075170827702702,0.0058652813073178985,0.00019659798964686656,0.001491891019156962,0.0962898299146162,0.10257612827298113,0.011492640118661723,0.009416450681566317,0.0008129337629659869,0.01851501736397327,0.0020744244780680245,0.023436284244738113,0.0020232832290315063,0.0003393976825
8.444110164253869e-05,0.0013722145217376343,2.7064427990630265e-05,0.1266463252980031,0.0,241.37159337412476,7.247075742440794e-08,1.0580649643095347e-08,2.0739453594043253e-10,8.248353014327778e-10,3.2721004226451903e-10,1.145028511000574e-06,1.9693741761289934e-07,4.5538757742288e-09,1.4168729845664879e-08,6.094057225361736e-09,0.003988439816256725,0.0009564780256760417,0.0001149608684764975,6.92513344287542e-06,0.01541591177692797,0.005958847905636568,0.00020236182414357773,0.0015346185533306699,0.09846777768342281,0.10316763803486675,0.01143551401885901,0.009442612882624239,0.0008107600029702319,0.01862178034703169,0.002064112683694718,0.02350111986904354,0.00201784911143516,0.0003605507599
8.634848454674475e-05,0.0014022911757010808,2.6973737216598885e-05,0.1294111362151396,0.0,241.36877499481818,7.414435024063619e-08,1.078830882621242e-08,2.1070546127259768e-10,8.405378768074332e-10,3.3363197025423365e-10,1.1711447525302518e-06,2.003353172593218e-07,4.6065943748538095e-09,1.4417049208456587e-08,6.197916640345369e-09,0.004102083422760661,0.0009830864737008643,0.00011808169434871345,7.108484793071161e-06,0.01575176663881414,0.006048988953138808,0.000208130958358686,0.001577334438799902,0.1006145513571343,0.10375623872264583,0.011378070207429094,0.009468671623249351,0.0008085898320228026,0.018728017196169934,0.0020537434387302256,0.023565681345119542,0.0020124227640934953,0.0003822291792
8.821104498284689e-05,0.0014317866314500266,2.6881894379278702e-05,0.13213676633683324,0.0,241.36599591071746,7.577908376241143e-08,1.0990583529463112e-08,2.13920029512613e-10,8.559386109028629e-10,3.398873814539689e-10,1.1967999364493312e-06,2.0362650497749177e-07,4.6564742581973155e-09,1.4657721652154107e-08,6.2988082517274145e-09,0.0042156637557934935,0.0010096525292365105,0.0001211942650806645,7.291155188177371e-06,0.016082761851225452,0.00613600167459559,0.00021389699030873802,0.001619983097430511,0.1027303171429633,0.1043420009513921,0.011320705781724984,0.009493270866675438,0.0008064331546158258,0.018833740557274034,0.0020433884118971927,0.023626601281724422,0.0020070294919483146,0.0004044205399
9.002819202914728e-05,0.0014607506295732887,2.6789972183825566e-05,0.13482364871432612,0.0,241.36325565106966,7.737592749477596e-08,1.1186238805579964e-08,2.1698854630085807e-10,8.708019456460765e-10,3.459380847042515e-10,1.222033945026068e-06,2.068198966413902e-07,4.7037722905199085e-09,1.4891380804094344e-08,6.396900756531823e-09,0.004329090509473048,0.0010361570213415759,0.00012429657165592342,7.473041161741065e-06,0.016408949734531553,0.006220082006199737,0.00021965533423362686,0.0016625337402604297,0.10481540679967899,0.1049248843769863,0.011263619362014358,0.009517988783180343,0.0008042848505562854,0.018938942773088028,0.002033083417548421,0.02368780817503508,0.002001656620118236,0.0004271123628
9.180115836033434e-05,0.0014892039052152284,2.6698604067598392e-05,0.13747234041388715,0.0,241.3605536482599,7.893600032024575e-08,1.137538441582248e-08,2.199119284635279e-10,8.851272865749807e-10,3.517874744154355e-10,1.2468624584532046e-06,2.0992001738767507e-07,4.748637435181823e-09,1.5118346184504516e-08,6.492295812348767e-09,0.004442324699726323,0.0010625928111866966,0.00012738802088001672,7.654122876469228e-06,0.01673039700955433,0.006301356642701604,0.00022540400801465525,0.0017049748817220228,0.10687024418161327,0.10550486291644817,0.011206870586565696,0.009542946574880933,0.0008021474782796905,0.01904361985895109,0.0020228393019952953,0.023749591908818552,0.0019963095371377197,0.0004502925667
9.353136886929622e-05,0.0015171518954560485,2.660801738807902e-05,0.14008345656784366,0.0,241.35788929186646,8.046011850288212e-08,1.1558524378046529e-08,2.2270704216425324e-10,8.989858927406987e-10,3.5745113750337525e-10,1.2712883401465586e-06,2.1292913175449493e-07,4.791164120675207e-09,1.5338775882404233e-08,6.585060837926402e-09,0.004555352689017558,0.0010889589251779806,0.00013046877120615315,7.834426427024872e-06,0.017047177064190892,0.006379917511326605,0.00023114231524738862,0.00174730492626141,0.10889529582450241,0.10608189596168253,0.011150400560642686,0.009567713271079723,0.0008000255894216643,0.019147764504205474,0.0020126454389528094,0.0238108822191815,0.001990999786712962,0.0004739493507
9.522028207720754e-05,0.0015446133938466868,2.6518385374037877e-05,0.14265760865092922,0.0,241.35526196166114,8.194988094843127e-08,1.1735573441748517e-08,2.2536666678619513e-10,9.123325133812748e-10,3.629264375683458e-10,1.2953257987427184e-06,2.158513431697165e-07,4.831485811810392e-09,1.5552958529401806e-08,6.67528839217916e-09,0.004668140393817724,0.0011152503377743102,0.0001335385953462397,8.013960709084606e-06,0.01735936341921587,0.006455884196206812,0.00023686852294641932,0.001789515782685777,0.11089102924982713,0.10665596033896543,0.01109424954939934,0.009592660859334839,0.0007979202252049725,0.019251372549371495,0.0020025091007797612,0.02387260302123517,0.001985729825984248,0.0004980710443
9.686931260225533e-05,0.0015716282602604153,2.6430129889802035e-05,0.14519543294085283,0.0,241.352670990977,8.340488883056212e-08,1.1907986737102512e-08,2.2794792519169552e-10,9.254210977442709e-10,3.682583749865097e-10,1.319006952070415e-06,2.1869363823355035e-07,4.869797300459722e-09,1.576138890406589e-08,6.763115137544642e-09,0.0047806244939292,0.0011414550622995847,0.00013659643544648394,8.192684959017469e-06,0.017667034028846514,0.006529417915398532,0.00024257941590891656,0.0018315881982333766,0.11285794043651903,0.10722708267585328,0.011038702310979538,0.009616558913890605,0.0007958393615482106,0.019354448796758905,0.0019924816877315787,0.023931697929640283,0.0019805199938596474,0.0005226463218
9.847984066028768e-05,0.0015982185490511724,2.6343300705527795e-05,0.14769759226460155,0.0,241.35011570442765,8.482642033967041e-08,1.2075868372854385e-08,2.3045121987962066e-10,9.382456609770447e-10,3.734501693542551e-10,1.342348999963827e-06,2.214603709495559e-07,4.90623029634817e-09,1.5964375538868657e-08,6.848642088364202e-09,0.004892772518224786,0.0011675666756464206,0.00013964168237456595,8.37057222380051e-06,0.01797027019408634,0.006600634233924347,0.00024827334371114817,0.0018735118437034866,0.11479654685548923,0.1077952653672006,0.0109839001526334,0.00963958787123468,0.0007937840868750654,0.019456993687841435,0.0019825887084155397,0.023988615464209363,0.001975372959509684,0.0005476642616
0.0001000532775353001,0.0016244006956542426,2.625795064031088e-05,0.1501647504387923,0.0,241.34759543085295,8.621620526646165e-08,1.2238990610463937e-08,2.3286257091180763e-10,9.507366170709305e-10,3.7849477778118504e-10,1.3653644920026983e-06,2.241550166976982e-07,4.940893787610886e-09,1.616216499527748e-08,6.931957785874988e-09,0.005004562278232093,0.001193580483519925,0.0001426738466955278,8.547597484425669e-06,0.018269153534702896,0.006669631810461095,0.0002539491775741994,0.0019152791636016372,0.11670736812639923,0.1083605061093062,0.010929939074754572,0.009662131592177317,0.0007917540236421662,0.01955900680973748,0.0019728474927709913,0.024044310331993977,0.0019702877433867777,0.0005731143284
0.00010159078446863321,0.0016501848097337847,2.617411745101072e-05,0.1525975716052517,0.0,241.34510950496775,8.757625176586854e-08,1.239670513810169e-08,2.351524987691102e-10,9.627457868391856e-10,3.833721510148507e-10,1.3880606875472156e-06,2.2678010370974728e-07,4.973873451875722e-09,1.6354936704885416e-08,7.013136389185892e-09,0.005115981976556087,0.0012194939258606257,0.00014569265279804712,8.723746048247276e-06,0.018563765664216858,0.0067364928720698635,0.00025960631573531583,0.0019568860256575994,0.11859092393226932,0.10892278082878526,0.010876814741595898,0.009685105967964278,0.000789746297034197,0.019660483842929236,0.0019632572622784875,0.024101058702569716,0.001965256955155335,0.0005989863491
0.0001030937559695816,0.0016755836382439022,2.6091821564004763e-05,0.1549967088955746,0.0,241.34265726924158,8.890782293334455e-08,1.2549137110621913e-08,2.3732174546276194e-10,9.74274414906001e-10,3.880861595091843e-10,1.410447168237719e-06,2.293384530241136e-07,5.005258846960407e-09,1.654289123251172e-08,7.09225530319538e-09,0.005227016757252227,0.0012453036231446723,0.00014869771642920593,8.898996077918662e-06,0.01885418716602677,0.006801301608171115,0.0002652440015512546,0.001998326985292732,0.12044772747464356,0.10948209071938231,0.010824606709609951,0.00970845964850199,0.0007877619908223731,0.019761425015672514,0.0019538323794380448,0.024158733531215202,0.001960283372577423,0.0006252705562999999
0.00010456264977421031,0.001700608305483456,2.6011083240884443e-05,0.15736280878793002,0.0,241.34023807507265,9.02100343100051e-08,1.2697353022387052e-08,2.3941177009386466e-10,9.855220316555851e-10,3.926697849578495e-10,1.4325321618091874e-06,2.3183264578128693e-07,5.0351332934753445e-09,1.6726212514039694e-08,7.1693895652780595e-09,0.005337654170407977,0.0012710063398571707,0.00015168861834713841,9.07332046376551e-06,0.0191404980524506,0.006864136816658131,0.000270861600413236,0.0020395968292412775,0.1222782884011166,0.11003841874665667,0.01077334755152915,0.009730858427850592,0.0007858066631775086,0.01986182588586034,0.001944578590946293,0.02421404363688139,0.001955383173376952,0.0006519574745
0.00010599783577020017,0.00172526699519068,2.5931912145674896e-05,0.15969651213002567,0.0,241.33785128233032,9.148403680040614e-08,1.2840746247329442e-08,2.4139972122559997e-10,9.963570376074205e-10,3.9710426723521167e-10,1.4543214704630724e-06,2.3426479637681644e-07,5.063567797724227e-09,1.6905051188029636e-08,7.244605468134263e-09,0.005447886716315084,0.0012965998978093135,0.00015466505177624915,9.246698047166986e-06,0.019422777595522175,0.006925068974334606,0.00027645872888942195,0.002080692040850254,0.12408311171645417,0.11059172552086309,0.010723016044368705,0.009753759464921703,0.000783875656951715,0.019961680264692184,0.0019354921604010245,0.024270592957751573,0.001950542974510178,0.0006790378416
0.00010740144502743681,0.001749568254652133,2.5854309088129427e-05,0.16199844708706934,0.0,241.33549626096203,9.273071752704357e-08,1.2980330893521223e-08,2.4332045478154786e-10,1.006941181412919e-09,4.014209679745485e-10,1.4758213425464549e-06,2.366369439465606e-07,5.0906280127292215e-09,1.7079552913911258e-08,7.317965656213936e-09,0.0055577088078954525,0.0013220826121424097,0.00015762677318077498,9.419111705566855e-06,0.0197011035147914,0.006984163905302901,0.0002820351007044752,0.002121609895716014,0.1258626925854669,0.11114200902364124,0.010673590107651839,0.009776219437691868,0.0007819735380098455,0.020060988214242965,0.001926569145494908,0.024326031342248557,0.0019457739175837891,0.0007065028340999999
0.00010877465652459681,0.0017735206392179824,2.5778280880517798e-05,0.16426923221197626,0.0,241.3331723912911,9.395059189699127e-08,1.3116649589440341e-08,2.45191734592188e-10,1.0173598201451695e-09,4.056366681458524e-10,1.4970380322761701e-06,2.3895113334415016e-07,5.1163794208893895e-09,1.7249863696211424e-08,7.389532930386565e-09,0.005667113587126342,0.0013474526023694532,0.00016057352856798008,9.590544469585238e-06,0.01997555248861632,0.0070414872898065285,0.00028759036516829513,0.002162347356038553,0.1276175196004119,0.11168926072864065,0.010625050584468599,0.009797565750158596,0.0007801024563019445,0.020159747013889454,0.001917805977005075,0.024378708656300336,0.0019410832230384902,0.0007343438416
0.00011011706725194397,0.0017971316583109218,2.5703831183377918e-05,0.16650948006024713,0.0,241.3308790623133,9.514474554701136e-08,1.3248522810276363e-08,2.469681797253093e-10,1.0273877025845732e-09,4.097148905409324e-10,1.5179768888327902e-06,2.412092858158466e-07,5.140884926459765e-09,1.7416120322193787e-08,7.45936760857729e-09,0.005776093771528791,0.001372707988220864,0.00016350507688338528,9.76098096358101e-06,0.020246200545120305,0.007097103967617517,0.000293124150158768,0.0022029013851621424,0.12934807727683187,0.11223343207169792,0.010577379431001531,0.009819373834355195,0.0007782563712179855,0.020257948435024313,0.001909199452744439,0.02443252985731844,0.001936454640305521,0.0007625522292
0.00011142986842988217,0.0018204091321526394,2.5630950003335598e-05,0.1687197898426231,0.0,241.32861567383355,9.631446446308238e-08,1.3375891425375061e-08,2.4864313007320405e-10,1.0369974937907016e-09,4.1365380653487473e-10,1.5386436477484845e-06,2.4341324535276286e-07,5.16420236397292e-09,1.757845449696316e-08,7.52752631796545e-09,0.005884643935546363,0.0013978473609307974,0.00016642123656873065,9.930409548701028e-06,0.020513122057850764,0.007151074349921663,0.00029863617787652424,0.0022432697037104397,0.1310548396254123,0.11277450627844884,0.01053055752790407,0.009841614385048278,0.0007764357003705529,0.020355590080593816,0.0019007461830856174,0.024487412187863156,0.0019318884370465685,0.0007911199583999999
0.00011271420069060926,0.0018433605610538076,2.5559625946477627e-05,0.17090075000975177,0.0,241.3263816367176,9.746076568054332e-08,1.3498870774046456e-08,2.5021841603937566e-10,1.0461917523146582e-09,4.174569830335394e-10,1.559043816335339e-06,2.4556478090586834e-07,5.186386811293768e-09,1.7736992640514724e-08,7.59406374238222e-09,0.005992759116066105,0.0014228694652871133,0.0001693218497695051,1.0098820336894382e-05,0.02077639011921755,0.0072034565757647375,0.0003041261940761096,0.0022834502793661216,0.13273827253795814,0.11331247022281135,0.0104845663144831,0.009864275456078314,0.0007746404329743812,0.020452669600749224,0.0018924428204204718,0.02454332599413793,0.0019273846071497468,0.0008200390764
0.00011397081795451011,0.0018659935564990684,2.5489847754489407e-05,0.17305293801827948,0.0,241.324176372995,9.858311571475215e-08,1.3618489827787892e-08,2.5173317960883463e-10,1.0551562642920977e-09,4.2115624132677105e-10,1.579183022468179e-06,2.476656564134105e-07,5.20749242306277e-09,1.7891860892934573e-08,7.659034071743575e-09,0.006100433785787412,0.0014477729738478756,0.00017220675729577172,1.0266203788810879e-05,0.02103607656658419,0.0072543077822924355,0.00030959391595619505,0.002323440964474212,0.134398833950518,0.11384731085302705,0.01043938915705949,0.009886280994163645,0.0007728743236777621,0.02054918357241139,0.0018842862652170644,0.02459761618419846,0.0019229542417083438,0.0008493017378
0.0001151999972455313,0.0018883148827878431,2.542159868923257e-05,0.1751769215937124,0.0,241.32199931554146,9.968185028923592e-08,1.3734710310746081e-08,2.531869528916673e-10,1.0638725111637403e-09,4.2475039769896834e-10,1.5990662039028736e-06,2.497174972734671e-07,5.227569506117979e-09,1.8043175432477087e-08,7.722488300054764e-09,0.006207663354166906,0.001472556805856284,0.0001750758326877528,1.0432552546389642e-05,0.02129225204542284,0.00730368245990464,0.00031503910834573107,0.002363240007961677,0.13603697424407085,0.11437900473243062,0.01039500888842005,0.009908222477307094,0.0007711350606599046,0.02064512768797436,0.001876273415047575,0.024651752783810932,0.0019185914448182231,0.0008789003453
0.00011640307399624189,0.0019103314259680468,2.535485721638428e-05,0.17727325519049858,0.0,241.31984990900415,1.0075834597531232e-07,1.3847518117900805e-08,2.545749218740804e-10,1.0723184736453857e-09,4.282390159591119e-10,1.6186984710151677e-06,2.5172187633014455e-07,5.246665298941612e-09,1.8191048933963445e-08,7.784474759135046e-09,0.006314443806081729,0.0014972200369638604,0.0001779289701961895,1.0597860597607572e-05,0.02154498559709561,0.007351632593034386,0.00032046156534660587,0.002402845910293523,0.13765313360391943,0.11490753699808795,0.010351407909301561,0.009930177720284646,0.0007694226862866502,0.020740500379859472,0.0018684011970295895,0.02470591071743243,0.0019142948622696055,0.0009088275736
0.00011758117572136813,0.0019320498871978355,2.528960159972523e-05,0.17934248180435491,0.0,241.31772760954755,1.0181392413940728e-07,1.3956777448356642e-08,2.5588851037486803e-10,1.0804489329939363e-09,4.3161789642041866e-10,1.6380848261696207e-06,2.5368031024422294e-07,5.2648248083456385e-09,1.8335590152753334e-08,7.845040320432368e-09,0.006420771679325481,0.0015217618872497326,0.00018076608287190146,1.0762123150752923e-05,0.02179434487273229,0.007398207949484476,0.0003258611091965005,0.0024422574042935233,0.13924774338563883,0.11543290121368197,0.010308569293955872,0.009952299987129013,0.0007677361706867679,0.020835300508846567,0.001860666558646464,0.02476047099383503,0.0019100619163200543,0.0009390764527
0.00011873522975118213,0.001953477030122129,2.5225810454593305e-05,0.18138513270635973,0.0,241.3156318849394,1.0284866460485479e-07,1.4063172037489953e-08,2.571521901924084e-10,1.0883808425020439e-09,4.349081838323659e-10,1.6572303416992609e-06,2.555942970046501e-07,5.2820918234464345e-09,1.8476906603206067e-08,7.904231005333356e-09,0.006526643306119381,0.001546181555703117,0.00018358708446010856,1.0925335641300683e-05,0.022040396143796742,0.007443456987218742,0.00033123755176275497,0.002481473189424499,0.1408212261791432,0.11595509399158961,0.010266477229883476,0.009973963291700272,0.0007660773637627196,0.02092952683608955,0.0018530665906797807,0.02481388973449402,0.0019058982549412856,0.0009696402669000001
0.00011986441805056974,0.0019746195069854262,2.51634684220386e-05,0.18340173064693022,0.0,241.313562213469,1.0386110135674581e-07,1.4167203151283066e-08,2.5838815480786923e-10,1.096222599319361e-09,4.381253799984748e-10,1.6761399765292377e-06,2.5746535049903037e-07,5.298510975876697e-09,1.8615106790211352e-08,7.962093879415565e-09,0.006632053659272153,0.0015704779756916722,0.00018639186390822032,1.1087492432275013e-05,0.022283204765167784,0.007487428511650373,0.0003365906359858668,0.00252049153937643,0.14237399876842544,0.1164740980085434,0.010225118917058618,0.009994556145661353,0.0007644471070321426,0.021023173567754613,0.0018455987504491062,0.024864692115778294,0.001901809512911979,0.0010005121928
0.00012096964961103997,0.0019954828982440805,2.510254573741385e-05,0.18539278627079497,0.0,241.3115180844747,1.0485340440361287e-07,1.4267889123287907e-08,2.5955638527838283e-10,1.1037667832836722e-09,4.412391265522883e-10,1.6948178560568353e-06,2.592947573371646e-07,5.314119926694431e-09,1.875028305848823e-08,8.018669194086715e-09,0.006737000222206857,0.001594650640768964,0.00018918037294997462,1.1248591423324104e-05,0.0225228344870834,0.007530166873132042,0.00034192023230681637,0.0025593116275038734,0.1439064677272025,0.11698988668281446,0.010184477368545329,0.01001568218007454,0.0007628404743432722,0.021116238783625438,0.0018382602299949395,0.024916813606776552,0.001897779259482739,0.001031685777
0.0001220524653450732,0.002016073415657879,2.5043016668314417e-05,0.18735879722018467,0.0,241.30949899875685,1.0582675982837468e-07,1.4365532642428555e-08,2.606640733870108e-10,1.111048224259463e-09,4.4425878427221335e-10,1.7132687157603653e-06,2.6108383483635593e-07,5.328955494520004e-09,1.888253023909751e-08,8.07399717830228e-09,0.006841480773165497,0.0016186991134571397,0.0001919525709855547,1.1408630915362177e-05,0.022759347483871026,0.007571714526111474,0.0003472262261812895,0.002597932738238142,0.14541902960056383,0.11750246224799217,0.01014453701194778,0.010036930927400352,0.000761258638390662,0.021208723212246993,0.0018310482477270134,0.024969230226236816,0.0018938102036546783,0.0010631548349
0.00012311328061320753,0.0020363972535492564,2.498485982573367e-05,0.1893002513736438,0.0,241.30750446801767,1.0678118962973762e-07,1.446045040774198e-08,2.61721478534582e-10,1.1181228873995705e-09,4.471941471514696e-10,1.7314972499655972e-06,2.6283390537300224e-07,5.343054711581257e-09,1.9011943484372194e-08,8.128118793277104e-09,0.006945492484153867,0.0016426228388178017,0.00019470840656098307,1.1567608746543575e-05,0.022992804802793747,0.0076121134021495465,0.0003525084723510399,0.0026363539679239096,0.14691207377367757,0.11801182881800353,0.010105284482921542,0.01005769740733135,0.0007597022589644286,0.02130062533619982,0.0018239601982474134,0.02502047688753721,0.001889907007738543,0.0010949132006
0.00012415269202243828,0.0020564601341503588,2.4928049869899157e-05,0.19121762585237076,0.0,241.30553401459946,1.0771698476786473e-07,1.4552895384976181e-08,2.6273825538123725e-10,1.1250256513267494e-09,4.500530382713249e-10,1.7495078000716142e-06,2.6454620086555767e-07,5.356451872928686e-09,1.9138611467955493e-08,8.181071947892434e-09,0.00704903278040192,0.001666421328595011,0.00019744783712174368,1.172552335377249e-05,0.023223266183178364,0.007651403853524693,0.0003577668384692085,0.002674574520386917,0.14838598131178815,0.11851797543243525,0.010066705442797782,0.010078185783080014,0.0007581707635390853,0.02139194392698515,0.0018169935621670406,0.025071048281878474,0.0018860672176245557,0.00112695511
0.0001251700659480597,0.0020762677352030028,2.487256415874539e-05,0.19311138883225443,0.0,241.30358717099074,1.0863176615384269e-07,1.4644240226193479e-08,2.6377072643830727e-10,1.1320286015418058e-09,4.5287790732003246e-10,1.7673046434570588e-06,2.6622195413390167e-07,5.369181390313773e-09,1.9262622866687626e-08,8.232895192961321e-09,0.007152098599399212,0.0016900940030641224,0.00020017081200428204,1.1882372848935976e-05,0.023450790328956556,0.0076896256592803944,0.00036300116748817974,0.002712593453070471,0.14984112670218652,0.1190208919677582,0.010028787653377197,0.010097316839632258,0.0007566674267040761,0.02148267541584358,0.0018101459870615347,0.025118292975288614,0.0018823014480649802,0.001159274885
0.0001261658452909542,0.0020958252334870972,2.4818379986121777e-05,0.19498199816343464,0.0,241.30166347960716,1.0952796607103419e-07,1.4732915197340882e-08,2.6475529250126113e-10,1.1388265238585503e-09,4.556202097521608e-10,1.7848916886176327e-06,2.6786229603050566e-07,5.38127453546538e-09,1.938405907535459e-08,8.283623592301257e-09,0.007254687432410624,0.0017136404112197477,0.00020287729560210772,1.203815623031977e-05,0.023675434665305806,0.0077268167549120895,0.00036821133052493524,0.0027504100304539983,0.15127787629507874,0.11952055423182761,0.009991517430852288,0.010116523202052361,0.0007551871930046126,0.021572817208761894,0.0018034151578301188,0.025165739985391084,0.0018785944696490073,0.0011918666628999998
0.00012714148019987758,0.002115137845544865,2.476546988781848e-05,0.1968299000855417,0.0,241.29976249313088,1.1040754514343988e-07,1.4818537910957624e-08,2.656728368679375e-10,1.145322641754124e-09,4.582681201244705e-10,1.8022729545702635e-06,2.69468304278962e-07,5.392759974442123e-09,1.9502997881582053e-08,8.333290241423153e-09,0.007356798081112805,0.001737060384585438,0.0002055672824905472,1.2192874089419835e-05,0.023897255122237254,0.007763012338383724,0.0003733972652592447,0.0027880239708720613,0.1526965869177259,0.12001695817375298,0.009954880643963587,0.010136163050243804,0.0007537287276197918,0.021662369925287688,0.0017967986387342546,0.025214258205092068,0.001874941302798382,0.0012247248597
0.00012809770873107294,0.002134210786105248,2.471381090565233e-05,0.19865553142105336,0.0,241.29788377429207,1.1127130183295301e-07,1.4901072320277582e-08,2.6652009687996154e-10,1.1514969492476638e-09,4.608205236794283e-10,1.8194524361851298e-06,2.710410567869043e-07,5.403666382115966e-09,1.9619517061463342e-08,8.381928447006122e-09,0.0074584287873344654,0.0017603536382523276,0.00020824075528207579,1.2346526413025141e-05,0.024116306533335873,0.007798247165520615,0.00037855888099596637,0.0028254348060988872,0.15409760842258452,0.12051009958863028,0.009918864565797214,0.010156273320700574,0.0007522914353589138,0.02175133283854021,0.0017902941354088217,0.025263939607725425,0.0018713404799355737,0.0012578440085
0.00012903513941876595,0.002153049113950003,2.466337899114004e-05,0.2004593194815158,0.0,241.296026895341,1.1211950305279473e-07,1.4980797545252828e-08,2.6730665236164537e-10,1.1573932339551558e-09,4.6328605229257516e-10,1.8364340345592358e-06,2.725815895571098e-07,5.41402095316792e-09,1.9733691404901347e-08,8.429570243385741e-09,0.007559578148205657,0.0017835199708444048,0.00021089770646349484,1.2499113774740221e-05,0.024332642554318166,0.007832554554320163,0.00038369610512600235,0.002862642202384828,0.15548128316501902,0.12099997568173733,0.009883456736214716,0.010176688112512721,0.0007508756254648875,0.021839705461825856,0.0017838994003715892,0.02531437166775155,0.0018677927877049118,0.0012912188858
0.0001299546733404378,0.002171657970737628,2.461414910950403e-05,0.20224168135556092,0.0,241.29419143814744,1.129518467898987e-07,1.5058678822211314e-08,2.680678399052981e-10,1.1631825267268436e-09,4.656945562203294e-10,1.8532217692278078e-06,2.7409091422131364e-07,5.423849478902081e-09,1.9845594062886172e-08,8.476246785266243e-09,0.007660245440485214,0.0018065593279571076,0.0002135381442822542,1.2650637584245682e-05,0.024546315549199334,0.007865966004455022,0.00038880889958222987,0.002899646062227602,0.15684794527351942,0.12148659838204101,0.009848645095951968,0.010196630997143696,0.0007494832401090001,0.021927488804510713,0.0017776121642814082,0.025363644260754985,0.00186430462050139,0.0013248445067
0.00013085632453142278,0.002190042120162462,2.4566099639978182e-05,0.204003026070386,0.0,241.29237699391393,1.1376692946675485e-07,1.5135840455799443e-08,2.6884835169913873e-10,1.1690770407775534e-09,4.680808049355463e-10,1.869819287873937e-06,2.755700104735392e-07,5.433177536313231e-09,1.9955295756527484e-08,8.521988616106298e-09,0.0077604289759941455,0.0018294714544732,0.00021616205650551676,1.2801098233959925e-05,0.02475737697780756,0.007898513167006531,0.0003938971773541123,0.002936445966238279,0.15819792312589742,0.12196995997126299,0.009814418236963428,0.010215440241736366,0.0007481165052413636,0.022014681259590857,0.0017714303528997724,0.02541011768346594,0.0018608819580246635,0.0013587158801
0.00013173942771569163,0.002208206152824954,2.451921091839073e-05,0.2057437547521911,0.0,241.29058316223959,1.1456646454071231e-07,1.5210388066944647e-08,2.6957512875672007e-10,1.1747270178495925e-09,4.703862141486457e-10,1.8862301032913601e-06,2.7701983284486825e-07,5.442030039860393e-09,2.0062865322526792e-08,8.566825189319094e-09,0.007860126445200056,0.0018522559746997707,0.00021876941959813614,1.2950495614692657e-05,0.024965877390716283,0.007930227464006779,0.00039896081993835654,0.002973041301849532,0.15953153931567654,0.12245003605194704,0.00978076518851525,0.010234483969324762,0.0007467707021635991,0.022101279742571887,0.001765352093780353,0.025457168396817182,0.001857511094430139,0.0013928283936
0.00013260459097364963,0.002226154776230043,2.4473459119626426e-05,0.20746425829791473,0.0,241.28880955159502,1.1534969947820625e-07,1.528340752576643e-08,2.702887810307867e-10,1.180331224073448e-09,4.726443647572968e-10,1.9024579003479969e-06,2.7844129167338624e-07,5.450429571278898e-09,2.0168368625466596e-08,8.61078457413274e-09,0.007959337319681185,0.001874912891158625,0.0002213602498173835,1.3098831685477995e-05,0.02517186595580108,0.007961137384498967,0.00040399979928484354,0.003009432063915939,0.16084910762374446,0.12292683179784801,0.009747674809000066,0.010252929424439111,0.000745448302503468,0.022187284641022424,0.0017593753325642492,0.025502738909999753,0.0018541991895831722,0.0014271773461
0.00013345180985587405,0.0022438926591688965,2.442882415532793e-05,0.20916492000023146,0.0,241.28705577894124,1.1611709467282658e-07,1.535453034682738e-08,2.709745504105121e-10,1.1858199972150741e-09,4.748438612252392e-10,1.918506328921124e-06,2.7983530420567994e-07,5.458399056951931e-09,2.0271871958674444e-08,8.653895117780883e-09,0.0080580602212016,0.0018974420303111597,0.00022393454543868284,1.3246107504693242e-05,0.02537539098250754,0.007991271504263292,0.0004090140442397053,0.0030456179649460575,0.16215093636862485,0.12340034549636171,0.009715137169943757,0.010270996635233794,0.0007441476505814669,0.02227269451332702,0.0017534981889301554,0.025547393745498664,0.001850943361131746,0.0014617578630999998
0.00013428206626682387,0.0022614239100907144,2.4385281711690716e-05,0.21084611391388264,0.0,241.285321469724,1.1687014800888671e-07,1.5423364519143044e-08,2.716156557294842e-10,1.1910988707684633e-09,4.769725804757617e-10,1.934378595987705e-06,2.812026717512539e-07,5.465958093578187e-09,2.037343334538618e-08,8.696181756212227e-09,0.008156295225403709,0.001919843528312867,0.0002264923375438703,1.3392325856154491e-05,0.025576499534807905,0.008020655974746362,0.000414003557495383,0.0030815992149105637,0.16343732593130253,0.12387057450529315,0.009683140597474924,0.010289279582206176,0.0007428666899178874,0.022357510166048977,0.0017477186588658006,0.02559258776601559,0.0018477368418534693,0.0014965653802
0.00013509642259823356,0.0022787527908471822,2.4342809950638214e-05,0.21250820547143617,0.0,241.28360625781926,1.1760995031255523e-07,1.5489902302416733e-08,2.7220892469333484e-10,1.1961503990464814e-09,4.790302831464719e-10,1.9500780504891513e-06,2.8254420284914945e-07,5.473126130627191e-09,2.0473111361091892e-08,8.737669398860305e-09,0.008254042168933405,0.0019421174692723225,0.00022903365146903205,1.3537489201409492e-05,0.02577523764069548,0.008049316354144544,0.0004189683296415508,0.003117375940455456,0.1647085700923575,0.12433752154040442,0.009651674265219918,0.010307817718638411,0.0007416049517212117,0.022441732501915834,0.0017420348208027016,0.025638412793770826,0.0018445780087625054,0.0015315952826
0.000135895728547832,0.0022958837786538687,2.4301387267020813e-05,0.21415155178935236,0.0,241.28190978522468,1.1833551530032173e-07,1.5555609882785005e-08,2.7280839334948847e-10,1.2012425418648485e-09,4.810623115348561e-10,1.9656082519193685e-06,2.8386071453606e-07,5.479922329244469e-09,2.0570965244654943e-08,8.778383176338865e-09,0.008351301156781428,0.001964263995114004,0.00023155851872229248,1.3681600327539922e-05,0.0259716502859157,0.008077277128423769,0.00042390836492526695,0.0031529483613055923,0.165964955991346,0.12480120364529403,0.009620728401907102,0.010325447330472984,0.0007403654561577294,0.02252536292213231,0.0017364447817678971,0.025682006128061128,0.001841476652147776,0.001566843126
0.00013668069755174586,0.002312820822910928,2.4260992600075963e-05,0.21577650248809013,0.0,241.2802317019566,1.1904855133160164e-07,1.5619710011281986e-08,2.73382554502252e-10,1.2062143314211833e-09,4.830446289420519e-10,1.9809722969755914e-06,2.851529543017748e-07,5.4863644437499985e-09,2.066704916493143e-08,8.818346398845343e-09,0.008448072285091892,0.0019862832478871675,0.00023406697114591467,1.3824662063588304e-05,0.02616578153633632,0.008104562075337217,0.0004288236671769316,0.0031883166976347647,0.16720676490822683,0.12526162345193748,0.009590292679813572,0.010342941261464966,0.0007391450417842586,0.022608402166101157,0.0017309467003597866,0.025725282041693248,0.001838424311705505,0.0016023046565000001
0.00013744991109282303,0.002329568492267335,2.4221608283604365e-05,0.21738340096509823,0.0,241.27857166552317,1.1974366918152052e-07,1.5685330279686074e-08,2.740549592350047e-10,1.2116839110290821e-09,4.85073957192673e-10,1.9961737810753246e-06,2.864217635268744e-07,5.492472451423501e-09,2.0761424223617935e-08,8.857585286954166e-09,0.008544354477311267,0.002008175125088753,0.00023655901521810467,1.3966675932103107e-05,0.026357674795849773,0.008131195519516682,0.00043371418072584415,0.0032234807772597448,0.16843427391082422,0.12571879256604068,0.009560359892557222,0.010357655914724609,0.0007379513309606344,0.022690847979264548,0.0017255389470521528,0.025761746792939154,0.0018354457311807475,0.0016379757702
0.0001382032132517989,0.0023461303084840036,2.4183219898679224e-05,0.21897258361015992,0.0,241.27692934026322,1.2042582523436194e-07,1.5748414789547256e-08,2.746694851965936e-10,1.2168827545759905e-09,4.870248662497925e-10,2.0112154603719594e-06,2.876678571475414e-07,5.498263783782784e-09,2.085414163266459e-08,8.896121442597737e-09,0.008640145789485376,0.00202993935939361,0.00023903464276208477,1.4107642880142996e-05,0.026547372676974892,0.0081572019662843,0.000438579805894226,0.0032584401636461275,0.16964775502579235,0.12617267767664633,0.009530920275865983,0.01037287942868879,0.0007367743386750608,0.022772698520253456,0.0017202200829810903,0.025799498484627446,0.0018325103038975962,0.0016738524604
0.0001389413371736802,0.002362509719268226,2.4145803458249463e-05,0.22054437860815906,0.0,241.27530439771726,1.2109665229084276e-07,1.580826294781158e-08,2.751981051922598e-10,1.221662568952236e-09,4.88875690078496e-10,2.0261000763236253e-06,2.888918706197753e-07,5.503752791721586e-09,2.094524770877598e-08,8.933974784076778e-09,0.008735447346589246,0.002051576322633271,0.00024149391122378803,1.4247567159251032e-05,0.02673491652681439,0.008182602090356702,0.00044342059885114677,0.0032931954466712612,0.17084747221163568,0.12662327682402297,0.009501963470349043,0.010389195122539933,0.00073561206817911,0.022853954871661888,0.0017149883480375838,0.02583996500937374,0.0018296114259113234,0.0017099308372999999
0.00013966529078645505,0.002378710430309934,2.410933964221883e-05,0.22209910629596452,0.0,241.2736965169522,1.2175695336730436e-07,1.5865051382202822e-08,2.75645292197234e-10,1.2260412917850177e-09,4.906318909486593e-10,2.0408305901208566e-06,2.900944658564301e-07,5.508954244693961e-09,2.103479049098146e-08,8.971165761749362e-09,0.008830259827611923,0.0020730862889775962,0.00024393686734237893,1.438645243316463e-05,0.026920346761993872,0.00820741631624623,0.00044823659313987795,0.003327747059550388,0.1720336834937552,0.12707059819018413,0.00947348014337741,0.010406518123922298,0.0007344643753140057,0.022934618554036723,0.0017098420607292429,0.025882935531847538,0.001826748759798059,0.0017462067901
0.00014037596331297283,0.002394736113571561,2.4073809356141865e-05,0.22363707996253837,0.0,241.2721053841136,1.2240625548726064e-07,1.5919873165368365e-08,2.760512203916863e-10,1.2302122775941515e-09,4.923272724940494e-10,2.055409944928622e-06,2.9127629162497865e-07,5.51388246303213e-09,2.1122817082977602e-08,9.007714397003309e-09,0.00892458391657427,0.00209446953432033,0.00024636355811813345,1.4524302384065915e-05,0.02710370292726868,0.008231664439580694,0.00045302782258612346,0.0033620954384732562,0.1732066413401084,0.12751465160757613,0.0094454613415065,0.010424132539773756,0.0007333333683202239,0.023014691102556092,0.001704779586936436,0.025926635011717512,0.0018239279393088476,0.0017826763398000002
0.00014107353878043376,0.002410590237106691,2.4039194242193813e-05,0.22515860671550192,0.0,241.27053069219448,1.2304395679241163e-07,1.59733521309603e-08,2.7643852018922703e-10,1.2342945604465248e-09,4.939811269621361e-10,2.0698409065242075e-06,2.924379741309023e-07,5.5185513957854095e-09,2.1209373036788055e-08,9.043640366766718e-09,0.00901842022143352,0.0021157263211057575,0.00024877402946868146,1.4661120658661148e-05,0.027285023809560563,0.008255365777138795,0.00045779431718221157,0.003396240998250479,0.17436659338983812,0.1279554427619266,0.009417898553455466,0.01044148930822282,0.0007322204964028093,0.02309417294738486,0.001699799346551465,0.025969708361283914,0.001821153303557997,0.0018193357308
0.0001417585489192547,0.00242627626922302,2.4005476756401815e-05,0.2266639865241679,0.0,241.268972140757,1.236711484454211e-07,1.6025053253789828e-08,2.7678984153521505e-10,1.238195210588666e-09,4.955800010627576e-10,2.0841262630948437e-06,2.9358012137389816e-07,5.522974243371755e-09,2.129450238129817e-08,9.0789621890854e-09,0.009111769212354138,0.00213685688465592,0.00025116832472916843,1.4796910786783824e-05,0.027464347323515104,0.00827853915956816,0.0004625360999485151,0.003430184110335218,0.17551378172013027,0.12839297548768824,0.009390783082066194,0.010459035887519149,0.000731124262815552,0.023173065639700164,0.0016948998334396644,0.026013252716317853,0.0018184200169298562,0.0018561814734
0.0001424313623922718,0.0024417975958374327,2.397263924781303e-05,0.22815351291189345,0.0,241.26742943590858,1.24287873054485e-07,1.6075240747626286e-08,2.771145962947315e-10,1.2419580466836364e-09,4.97132065697363e-10,2.0982687429861194e-06,2.9470332088829884e-07,5.527163596428627e-09,2.1378247794591752e-08,9.113698016947641e-09,0.009204631737164725,0.0021578615396487338,0.00025354649545534223,1.4931676715976004e-05,0.027641710552039626,0.00830120249338694,0.00046725321310568847,0.00346392527377959,0.17664844310562533,0.12882725823115632,0.009364106592476537,0.010476631828487439,0.000730044825902185,0.023251370652427255,0.001690079539066468,0.026056920605173707,0.0018157286022999909,0.0018932101808
0.00014309218605407402,0.002457157699639423,2.3940664168832038e-05,0.22962747306108297,0.0,241.26590229008076,1.2489370161466368e-07,1.612442017420654e-08,2.774309390430269e-10,1.2456786792681632e-09,4.986529555180827e-10,2.1122711651410805e-06,2.9580816315254773e-07,5.531131925463735e-09,2.146065205982279e-08,9.14786596464052e-09,0.009297008563050933,0.0021787405860846745,0.0002559085919639202,1.5065422348706244e-05,0.027817149798285246,0.00832337321948156,0.0004719456948032171,0.0034974649642493558,0.17777080934946132,0.1292583044943107,0.009337861332796567,0.01049385688402472,0.0007289830859660243,0.02332908966264564,0.0016853370090410807,0.0260996803636965,0.0018130822389257869,0.0019304185677
0.00014374142933922584,0.002472359486353946,2.3909534075736474e-05,0.23108614822631324,0.0,241.26439042192294,1.2548972172334558e-07,1.6172060320598533e-08,2.777179817266466e-10,1.249248298336223e-09,5.00126242597038e-10,2.1261358558284592e-06,2.9689516122896395e-07,5.5348901050479716e-09,2.1541752649750665e-08,9.181482272412967e-09,0.009388900996249526,0.002199494437828238,0.0002582546765064669,1.519815220668583e-05,0.027990700579296167,0.008345067772574918,0.00047661361058678813,0.003530803840429753,0.17888110724333395,0.1296861156673813,0.00931203879225027,0.010511181977864353,0.0007279374052437138,0.023406223761886672,0.0016806707682555722,0.02614268813175281,0.0018104757966135327,0.001967803453
0.0001443793106089918,0.002487406211729948,2.3879232458783965e-05,0.23252981325308134,0.0,241.26289355622535,1.2607537758905492e-07,1.6218778800750177e-08,2.7799876143949644e-10,1.2527803209941746e-09,5.0157102685052e-10,2.1398654587250893e-06,2.9796486108053013e-07,5.5384494189381056e-09,2.1621589231330387e-08,9.214563764801768e-09,0.009480310057673899,0.0022201234482353946,0.00026058480492671644,1.5329870472798235e-05,0.028162397641914933,0.008366302325254432,0.0004812570115331066,0.00356394246398854,0.17997955866626192,0.13011070427616309,0.0092866314335837,0.010528190274966676,0.0007269087189558901,0.023482774653730172,0.001676079416065737,0.026184918177907565,0.0018079123602017001,0.0020053617057
0.00014500609164411625,0.0025023010803403916,2.3849743708113588e-05,0.23395873708681966,0.0,241.26141142363065,1.266511742845433e-07,1.6264385741606475e-08,2.782652609121941e-10,1.2562354594506175e-09,5.029814363893348e-10,2.1534625826899124e-06,2.9901779397634224e-07,5.541820708794806e-09,2.1700200260351915e-08,9.247126567627157e-09,0.009571236614162173,0.0022406279398894825,0.000262899030063625,1.546058118787708e-05,0.028332275012844636,0.008387092707309269,0.0004858759409172308,0.0035968813473486677,0.18106638090517846,0.1305320808376249,0.009261631769640543,0.010545031061546611,0.000725896333883865,0.023558744393697213,0.001671561612512154,0.02622673863338474,0.001805389980606854,0.0020430902943
0.00014562200759781963,0.0025170471468165,2.3821051768221933e-05,0.23537318303338517,0.0,241.25994376049744,1.272171825932933e-07,1.63090137931269e-08,2.7852150581926643e-10,1.2596370137876717e-09,5.043615734506033e-10,2.166929717710528e-06,3.0005446242783875e-07,5.545014069065393e-09,2.1777622236677797e-08,9.27918625510603e-09,0.00966168205409864,0.0022610083471689886,0.00026519741667442977,1.5590289023638208e-05,0.02850036596655781,0.008407453805660062,0.0004904704685203844,0.0036296211826247534,0.18214178645045195,0.13095025921200737,0.009237032473404336,0.01056159327950255,0.0007249001236573358,0.023634134984904607,0.00166711599999924,0.026267881741345235,0.001802908919004907,0.0020809862918
0.00014622682537383344,0.0025316464395680554,2.3793139693192344e-05,0.23677340998857613,0.0,241.25849030903296,1.2777366143884838e-07,1.6352271745878754e-08,2.7875359327935977e-10,1.2629109075371806e-09,5.056993397610267e-10,2.1802684470651077e-06,3.0107526141423904e-07,5.54803795671836e-09,2.185388478303939e-08,9.310756525719606e-09,0.009751648341706932,0.0022812652251120637,0.0002674800419898254,1.571899928495548e-05,0.028666703173381766,0.008427399619106286,0.0004950406933867336,0.0036621628558383013,0.1832059839418823,0.1313652261336947,0.00921282540866568,0.010578182415571487,0.0007239191929222328,0.023708945012104958,0.0016627411792971628,0.02630909156114654,0.0018004658627768034,0.0021190468067
0.00014682050065761842,0.0025461020723460378,2.37659924756866e-05,0.23815966958752444,0.0,241.25705081741603,1.2832053376181595e-07,1.6394184556178956e-08,2.7896244316232027e-10,1.2660631881764349e-09,5.069955071022502e-10,2.1934813329817195e-06,3.020806855647291e-07,5.550902010198957e-09,2.1929023462957535e-08,9.34185221650718e-09,0.00984113660059056,0.002301398937440009,0.0002697469613526096,1.5846716018002783e-05,0.028831318483900706,0.008446944347646437,0.000499586671877707,0.003694506945797275,0.18425917678212853,0.13177699909389282,0.009189003632275306,0.010594743873571146,0.0007229534971408087,0.02378317765663415,0.0016584358983478208,0.026350232300973813,0.0017980607006444394,0.0021572689859
0.00014740558158348778,0.0025604184246990048,2.3739599423318142e-05,0.23953220588898352,0.0,241.25562503748762,1.28860179516325e-07,1.64349159516147e-08,2.791486582922442e-10,1.2690919407700865e-09,5.082551388026316e-10,2.2065720749454432e-06,3.030713417370417e-07,5.553617158168186e-09,2.2003081072495152e-08,9.372488963889945e-09,0.009930146543435265,0.0023214095869514267,0.0002719982078110684,1.5973442456081245e-05,0.02899424291988078,0.00846610291023133,0.0005041083887411647,0.003726653612690037,0.18530156309251977,0.13218562126123395,0.009165561372103965,0.010611452370119727,0.0007220021035705204,0.02385684063139145,0.0016541991092918408,0.026391738508545644,0.0017956911132833056,0.0021956500033
0.00014798115405302608,0.002574597079075101,2.3713941899278836e-05,0.2408912628888538,0.0,241.25421272743424,1.293916257431987e-07,1.6474503661904378e-08,2.793156016669602e-10,1.2720139072980835e-09,5.094794016667334e-10,2.2195418885599057e-06,3.040475521240425e-07,5.556190158368486e-09,2.207608202071462e-08,9.402678990512793e-09,0.010018681086503889,0.002341297929201027,0.00027423387945215604,1.609918497095766e-05,0.029155507200090622,0.008484887256763288,0.0005086059914298641,0.0037586040649913496,0.18633333906807306,0.1325910808554611,0.009142490911235233,0.010628174558759824,0.000721065214601421,0.023929931871141532,0.0016500294229962816,0.026433278537052924,0.0017933576039386467,0.0022341870195
